mnt,q,pct_nx,nx,pct_tc
2026-08-19 14:49:00+07:00,7362,10.99,809.0,5.11
2026-08-19 14:50:00+07:00,196719,9.63,18935.0,4.94
2026-08-19 14:51:00+07:00,171423,10.29,17635.0,5.05
2026-08-19 14:52:00+07:00,164439,10.51,17277.0,5.26
2026-08-19 14:53:00+07:00,163052,10.01,16322.0,4.9
2026-08-19 14:54:00+07:00,167971,13.79,23162.0,6.77
2026-08-19 14:55:00+07:00,180838,16.66,30127.0,8.24
2026-08-19 14:56:00+07:00,169665,10.37,17600.0,4.91
2026-08-19 14:57:00+07:00,217721,10.85,23630.0,4.89
2026-08-19 14:58:00+07:00,191940,13.08,25114.0,6.21
2026-08-19 14:59:00+07:00,183210,9.11,16692.0,4.35
2026-08-19 15:00:00+07:00,218765,11.54,25247.0,5.27
2026-08-19 15:01:00+07:00,209170,15.3,31993.0,9.78
2026-08-19 15:02:00+07:00,229449,22.5,51617.0,12.83
2026-08-19 15:03:00+07:00,217768,17.36,37798.0,9.25
2026-08-19 15:04:00+07:00,207907,15.61,32462.0,6.53
2026-08-19 15:05:00+07:00,209500,13.38,28023.0,4.79
2026-08-19 15:06:00+07:00,201085,10.7,21519.0,5.04
2026-08-19 15:07:00+07:00,208626,9.66,20147.0,4.64
2026-08-19 15:08:00+07:00,194641,10.28,20004.0,5.14
2026-08-19 15:09:00+07:00,191488,9.8,18773.0,5.08
2026-08-19 15:10:00+07:00,197208,10.38,20479.0,5.16
2026-08-19 15:11:00+07:00,190130,10.3,19589.0,5.13
2026-08-19 15:12:00+07:00,190407,8.72,16607.0,4.32
2026-08-19 15:13:00+07:00,194289,8.76,17029.0,4.37
2026-08-19 15:14:00+07:00,190517,9.02,17189.0,4.93
2026-08-19 15:15:00+07:00,202877,9.61,19489.0,4.59
2026-08-19 15:16:00+07:00,198312,8.99,17832.0,4.79
2026-08-19 15:17:00+07:00,192486,9.0,17324.0,4.54
2026-08-19 15:18:00+07:00,195806,8.97,17568.0,4.4
2026-08-19 15:19:00+07:00,193173,8.82,17032.0,4.63
