qtype_name,n,pct
A,2762209,47.12
NS,1852410,31.6
AAAA,505576,8.63
DS,494324,8.43
TXT,59446,1.01
MX,58598,1.0
HTTPS,57854,0.99
CNAME,22774,0.39
DNSKEY,15290,0.26
SOA,13981,0.24
SRV,7721,0.13
CAA,5553,0.09
,2148,0.04
ANY,1446,0.02
DNAME,1001,0.02
PTR,516,0.01
IXFR,329,0.01
SPF,108,0.0
NAPTR,76,0.0
TYPE38,47,0.0
TLSA,38,0.0
SVCB,36,0.0
LOC,33,0.0
URI,27,0.0
CERT,27,0.0
OPENPGPKEY,25,0.0
SMIMEA,24,0.0
SSHFP,22,0.0
HINFO,10,0.0
RRSIG,5,0.0
AXFR,4,0.0
TYPE8,3,0.0
NSEC3,3,0.0
TYPE4,3,0.0
TYPE27,3,0.0
HIP,2,0.0
TYPE30,2,0.0
TA,2,0.0
KEY,2,0.0
EUI64,2,0.0
TYPE10,2,0.0
TYPE19,2,0.0
TYPE21,2,0.0
TYPE0,2,0.0
TYPE42,1,0.0
SIG,1,0.0
DHCID,1,0.0
KX,1,0.0
TYPE103,1,0.0
TYPE3,1,0.0
TYPE23,1,0.0
AFSDB,1,0.0
CDS,1,0.0
TYPE26,1,0.0
NSEC3PARAM,1,0.0
TYPE22,1,0.0
CDNSKEY,1,0.0
